EXECUTIVE SUMMARY,,,,
Company Name,Indigo Systems & Technology Consulting Inc,,,
Product,Identity and Access Management (IAM) consulting services and OpenConnect mobile IAM product,,,
Founded,1997,,,
Funding Stage,Bootstrap/Minimal External Funding,,,
Lead Investors,Not disclosed (minimal funding of $150K total),,,
,,,,
LEADERSHIP TEAM,,,,
Position,Name,Background,LinkedIn,Key Experience
Director,Rajeev Parekh,Master's Degree in Engineering from Illinois Institute of Technology,Not disclosed,"Primary director and business contact; decades of experience in Business Services, Management Consulting, and Custom Software & IT Services"
Team Size,25-50 employees (estimated range from multiple sources),"Technical consultants specializing in IAM, including 50+ ForgeRock specialists, Identity & Access Management Senior professionals, project managers, and administrative staff. Strong technical expertise but limited visible management depth.",,
,,,,
MARKET ANALYSIS,,,,
Category,2024 Size,2030-2034 Projection,CAGR,Notes
Identity & Access Management Market,$22-26 billion (2025),$43-78 billion by 2030-2034,10-16%,"Strong growth driven by cybersecurity threats, regulatory compliance, cloud migration, and Zero Trust adoption"
IAM Services Segment,Growing faster than solutions segment,Continued outperformance due to complexity of enterprise environments,Above overall market growth,Organizations increasingly leveraging managed services and consulting for secure access governance
North America IAM Market,$9 billion (2025),$24 billion by 2034,12-13%,Dominant region with 37-40% global market share; strong regulatory compliance and enterprise IT infrastructure
IT Consulting Services,$78-112 billion (2025),$127-210 billion by 2030,4-13%,Broad market context with security consulting representing 35% of offerings and growing demand for specialized expertise
,,,,
PRODUCT & POSITIONING,,,,
Core Value Prop,"Boutique IAM consulting specializing in ForgeRock, Oracle, and UnboundID platforms with proprietary OpenConnect mobile IAM product",,,
Key Differentiators,"27-year track record, Small Disadvantage Business certification, deep vendor partnerships, government contracting capabilities, specialized IAM expertise",,,
Target Customers,"Financial services, telecommunications, media, education, and government institutions requiring enterprise IAM implementations",,,
Pricing Model,"Project-based consulting, technology integration services, product licensing, and managed services contracts",,,
,,,,
TRACTION METRICS,,,,
Metric,Current Value,Significance,,
Annual Revenue,$5.5 million (2025 estimate),Healthy revenue per employee ratio indicating efficient operations and premium pricing,,
Operating History,27 years (since 1997),Demonstrates business model sustainability and client retention through multiple technology cycles,,
ForgeRock Partnership,"50+ specialized consultants, 10+ years experience, accredited delivery leader",Strong position in leading IAM vendor ecosystem with deep technical expertise,,
Government Certification,Small Disadvantage Business status,Competitive advantage for government contracting providing stable revenue opportunities,,
Geographic Presence,US (Illinois) and Canadian operations,Multi-jurisdictional presence enabling broader market reach and client service,,
,,,,
COMPETITIVE LANDSCAPE,,,,
Competitor,Valuation/Funding,Focus,Strengths,Weaknesses vs Target
Deloitte,20% IT consulting market share,Full-service consulting with expanding IAM practice,"Massive scale, global reach, brand recognition, resources","Less specialized IAM focus, higher overhead, less agility"
iC Consult,"800+ employees, global presence",Independent IAM consultancy and systems integrator,"Large scale, global operations, comprehensive IAM services","Less government access, no proprietary product, larger overhead"
Identity Fusion,Not disclosed (boutique competitor),Vendor-agnostic IAM consulting with ForgeRock/Okta/Ping expertise,"Deep technical expertise, vendor-agnostic approach, established partnerships","No government certification, limited proprietary offerings"
ForgeRock/Ping Identity,$2.3B acquisition by Thoma Bravo,IAM technology vendor with expanding services capability,"Technology ownership, massive resources, broad partner ecosystem","Vendor bias, potential partner conflicts, less specialized consulting focus"
,,,,
FINANCIAL ANALYSIS,,,,
Funding Raised,$150K total funding (minimal external investment),,,
Investors,Not disclosed (likely bootstrap/founder funded),,,
Revenue Model,"Professional services (~75%), technology solutions (~20%), managed services (~5%)",,,
Burn Rate,Low burn rate due to profitable operations and minimal external funding,,,
Runway,Self-sustaining operations with 27-year cash flow positive history,,,
,,,,
RISK ASSESSMENT,,,,
Risk Category,Level,Description,Mitigation,
Key Person Dependency,HIGH,Heavy reliance on Rajeev Parekh as primary director with limited visible management depth,Expand leadership team and implement formal succession planning,
Industry Consolidation,HIGH,Thoma Bravo's $12B acquisition of major IAM vendors disrupting partner ecosystem,Diversified vendor partnerships and proprietary OpenConnect product reduce single-vendor dependency,
Talent Acquisition,HIGH,Shortage of qualified IAM consultants with competition from larger firms,Specialized expertise and boutique environment appeal to focused consultants,
Scale Limitations,MEDIUM,25-50 employee size may limit ability to compete for large enterprise projects,Focus on specialized niche and government contracts where size is less critical,
Technology Disruption,MEDIUM-HIGH,Rapid IAM technology evolution including AI-driven and passwordless solutions,Vendor partnerships provide access to latest technology developments,
,,,,
INVESTMENT RECOMMENDATION,,,,
Overall Rating,HOLD - Moderate Interest,,,
Investment Thesis,"Indigo represents a stable, profitable niche consulting firm in the rapidly growing IAM market with strong vendor partnerships and government contracting capabilities. The company offers defensive characteristics with steady cash flows rather than high-growth venture potential.",,,
Key Strengths,"27-year operating history, specialized IAM expertise, government certification competitive advantage, established vendor partnerships, proprietary OpenConnect product, self-sustaining profitability, strong market position in growing sector",,,
Key Concerns,"Key person dependency on single director, limited scale for institutional investment, high talent acquisition risks, vulnerability to vendor consolidation, minimal external funding history suggesting conservative growth approach",,,
Valuation Assessment,Estimated valuation range of $22-33M (4-6x revenue multiple) reflecting mature consulting firm with specialized expertise and stable cash flows,,,
Recommended Investment,$2-5M for minority stake with active board involvement to address operational risks and accelerate growth,,,
Expected Timeline to Exit,5-7 years through strategic acquisition by larger consulting firm or IAM technology vendor,,,
Risk-Adjusted Return,15-25% IRR with moderate risk profile suitable for investors seeking steady returns in growing cybersecurity market,,,
